Month,Day,2019,2018,2017,2016,2015,2014,2013,2012,2011,2010,2008,2007,2006,2005,2004,2003,2002,2001,2000,1999,1998,Mean,StDev
1,1,645,2374,1476,439,1977,1658,1087,1913,1476,787,689,528,382,594,493,1091,1999,1959,2263,2137,1759,1320.285714,686.1059789
1,2,1849,1814,1723,1243,1027,609,1165,1046,1218,959,1677,2363,1120,1061,792,1769,926,2494,963,1818,950,1361.238095,516.5427286
1,3,1479,2393,453,456,932,2360,2267,1958,2353,542,2573,2132,521,631,599,675,2073,1975,1087,863,1669,1428.142857,784.1200983
1,4,1711,986,731,1360,346,2429,1249,1235,1931,1784,1932,1926,1528,910,391,648,1477,1211,623,2486,550,1306.857143,637.6258531
1,5,489,2314,1690,2573,1733,2091,1548,1193,2439,1478,1312,478,957,681,486,1361,1069,1388,2440,2159,1204,1480.142857,668.6909066
1,6,908,2364,2488,2428,1495,805,1699,2126,2010,1195,1621,1332,750,385,1924,1316,1112,1691,1371,1682,989,1509.095238,581.3921142
1,7,1229,2449,1724,2424,1896,2622,1713,1120,1278,1481,1464,2281,2443,1957,1797,2496,713,1346,980,2246,674,1730.142857,606.7406601
1,8,604,1249,1803,1976,2509,2591,2128,1438,1041,1407,1757,596,2102,440,1865,1001,1951,1327,2391,1405,760,1540.047619,644.6616536
1,9,885,1689,2051,795,1726,2443,1097,1934,1581,2483,1409,1004,585,2004,2688,1289,1035,2167,866,656,1587,1522.571429,634.5152143
1,10,2000,2506,1276,473,2624,1500,2551,677,2314,1577,1841,2127,2329,923,2695,2506,1598,2218,554,2677,1548,1834,725.1004758
1,11,2496,1582,2211,1842,1082,484,722,2122,1505,1616,379,1956,864,1267,1255,1122,1082,1329,546,1631,2476,1408.047619,627.1516145
1,12,2351,812,194,1669,927,649,1360,700,1358,2191,1092,626,2394,294,601,2548,1927,2701,2081,543,2528,1406.952381,836.2159695
1,13,2665,1677,1816,1796,2823,1508,463,997,1703,662,2091,387,2164,976,1135,1578,1674,2484,729,1705,519,1502.47619,722.4372373
1,14,2605,2476,1761,1786,2492,294,1607,1473,1995,1694,1134,595,593,880,2164,2774,1972,1588,2754,1201,2723,1741,756.6152259
1,15,931,2576,2666,2101,2721,2463,1517,2739,1503,491,1263,368,1869,1901,2830,2021,967,590,2753,738,811,1705.666667,857.2685888
1,16,680,1903,2500,912,1796,867,869,1958,2593,2198,2761,1820,2828,1619,1966,2461,2412,1035,1323,2092,1796,1828.047619,664.3431701
1,17,2170,1551,786,1195,2641,2389,1555,865,2691,1420,1729,2750,2168,1810,2517,2429,1891,1790,2832,2656,2549,2018.285714,626.0659025
1,18,426,2601,597,2388,637,892,2763,2683,661,2505,2521,1767,126,2945,1059,2903,2071,1428,2083,871,1379,1681.238095,933.7235086
1,19,694,1408,910,1793,1646,1696,2240,2370,868,794,2118,1148,2130,1223,1917,2232,1522,983,2856,1534,1675,1607.47619,589.0257735
1,20,798,2486,348,2336,2564,782,2177,2487,1878,1492,1815,2355,1609,2787,2560,1991,2053,1433,1715,1969,1021,1840.761905,668.7555536
1,21,1644,1413,1981,2938,2235,1854,1887,1077,2271,2934,2718,2239,1767,3097,2972,2803,818,2506,2994,1993,2748,2232.809524,660.3417766
1,22,2669,807,588,2533,1345,3093,2554,2377,2777,2528,1278,832,2546,1069,1546,3097,1954,2608,3096,714,2635,2030.761905,871.0318539
1,23,1316,1584,1059,1071,2408,2912,2535,764,2527,3107,2797,2067,784,2956,2405,2191,2528,2950,1916,1247,677,1990.52381,819.7965979
1,24,1244,2471,679,2705,1296,3022,3170,1710,3100,1148,1916,1296,1694,2409,3025,3138,739,1870,2093,502,1406,1934.904762,871.7003444
1,25,2533,3030,1261,2276,3002,1118,2614,468,1157,365,2952,2822,1760,3010,3111,2637,2008,2476,920,1450,1922,2042.47619,889.3992702
1,26,2666,3010,1867,1439,1548,2592,2884,1370,1183,821,2078,2945,2911,858,1767,1590,2666,2602,1906,1033,2994,2034.761905,760.0936722
1,27,1845,2488,1942,2496,1352,1422,3288,761,2289,731,2678,376,3076,3324,1005,3302,2615,1894,2883,1479,2470,2081.714286,904.6489453
1,28,3188,1770,1327,2924,3173,2837,826,2241,2216,1806,2970,1807,2702,3289,1308,1655,2323,2349,2504,413,2124,2178.666667,788.7392683
1,29,1130,2655,1951,921,2524,3374,1269,2683,1931,3152,747,3154,918,2765,1720,1523,1582,2571,3346,2234,3197,2159.380952,868.2722774
1,30,2235,1285,2824,2549,1687,3400,489,1714,1867,2796,1344,2674,2178,2708,1694,3303,731,722,2246,2630,935,2000.52381,856.3090341
1,31,3172,2665,2047,1538,3434,1805,1652,2535,3270,3331,3105,2163,329,3374,2149,1517,539,942,1279,3455,2107,2209.904762,976.6722534
2,1,3083,1477,2416,1968,3110,2033,2631,1835,665,3251,404,2870,1644,3391,3380,1056,818,2009,1675,3230,3255,2200.047619,962.7544586
2,2,2709,2946,2318,3059,621,886,2426,1024,1503,2361,360,1721,2724,3507,3252,1372,3401,1957,3428,1203,2756,2168.285714,985.2571311
2,3,2340,2552,2658,344,3036,1173,3147,3292,3477,1439,2461,3515,948,2205,801,2744,3049,3440,2050,3296,2075,2382.952381,955.6045979
2,4,3042,644,2673,2446,1241,2996,2585,2025,3279,3591,386,3421,2111,2797,2036,997,3020,2174,2513,1085,2316,2256.095238,917.2549212
2,5,3151,3431,2067,1977,2067,796,2986,3382,987,2556,1048,2409,704,3536,2775,2306,2830,1219,3479,3600,2143,2354.714286,956.0426843
2,6,2584,2794,2487,2188,3079,3106,2487,3252,2653,2823,527,2761,1116,3530,585,3352,2905,1306,3591,1170,3679,2475,970.6437555
2,7,1807,1376,906,3419,1450,3651,3074,1736,1349,3733,822,2772,1824,3004,1956,1716,2688,2508,1997,2505,3557,2278.571429,900.0523636
2,8,2647,3086,2186,1996,1061,3089,1360,2263,1521,2978,1764,3221,2630,1238,3707,3695,3287,1817,3844,3696,3550,2601.714286,906.6905835
2,9,3508,2415,787,2231,1055,2947,3270,3623,3033,3214,1272,2245,3008,1731,2904,2659,3602,1914,2552,2669,3686,2586.904762,848.933384
2,10,3186,1540,2931,1844,2924,3308,3647,3141,3568,1080,1574,2486,2431,990,2917,2358,1472,3598,2813,1581,3233,2505.809524,860.3060862
2,11,3245,1448,1004,2952,3507,3250,1879,2671,3346,3890,2875,3392,2929,3959,2223,3571,2984,4043,1157,3382,2973,2889.52381,878.9248898
2,12,2231,2844,595,3254,1878,3768,1114,3238,2465,3987,2683,2639,1774,1764,2964,2759,2928,3867,4065,2586,1290,2604.428571,954.1624899
2,13,2467,3801,2864,3663,4122,837,2619,2381,2005,3022,500,2980,2286,4055,3008,3617,3897,3881,3029,2461,3228,2891.571429,968.794022
2,14,2965,2486,2992,3995,1640,1791,3516,2639,2331,2078,3609,425,2972,1653,2754,3242,3579,1778,1305,3785,4063,2647.52381,975.5897508
2,15,2474,2018,1776,1466,3262,1815,3244,1470,4261,1961,2115,3012,3762,3020,4281,3827,2950,3211,3733,4011,3941,2933.809524,941.3949553
2,16,3005,1613,2982,807,4267,3131,3160,1372,2860,475,4123,2589,3709,1475,4170,2786,2778,1917,1502,3620,3409,2654.761905,1109.39082
2,17,4017,2412,4027,1775,3936,4366,3521,3413,2826,979,1726,4120,2317,3293,3359,1220,2502,3918,4366,2045,2037,2960.714286,1065.948598
2,18,2605,2181,3539,4238,3887,1774,4207,1832,2667,2368,1531,3448,3247,2540,4174,2359,4295,4014,1691,1214,1196,2809.857143,1067.597456
2,19,4183,2419,3713,2496,3103,1224,1887,3830,2590,1289,2533,4369,3129,4259,2273,3045,3963,3607,1949,2627,1720,2867.047619,967.4394284
2,20,2351,2571,4360,2974,4180,3441,3076,4137,4378,912,3168,2152,4180,4231,1896,4353,2252,3612,2504,3343,1303,3113.047619,1053.879333
2,21,2285,2285,3402,1744,1722,791,3355,2635,2990,2787,4483,3901,2216,1448,1633,4083,2221,4147,3586,3335,2832,2756.238095,995.3336076
2,22,2107,576,3853,4339,3819,4103,3500,3016,4562,3381,1533,1923,3442,2702,3155,1389,1119,3656,4121,4695,4347,3111.333333,1220.331772
2,23,3113,2156,3986,2279,4689,2355,1281,1750,4645,652,1894,3425,1654,4545,4454,1206,4247,2677,2736,4455,2418,2886.52381,1285.923817
2,24,2108,2127,3604,622,3692,3531,1617,558,2852,1162,4390,4358,3722,4011,2998,3294,4297,4276,2991,3853,889,2902.47619,1290.645095
2,25,2927,1448,2944,776,4216,2789,2313,2541,705,982,4183,3544,1119,3892,4658,4739,3355,1509,1067,2482,2220,2590.904762,1306.878682
2,26,4604,4044,3046,4441,3124,4340,3284,4729,2968,983,892,1523,3174,3286,4741,4773,4227,2306,2811,4679,4674,3459.47619,1241.255961
2,27,3800,4570,3881,4211,4867,3610,721,1933,3845,1404,2082,2730,4931,4855,4762,4522,1394,2347,3416,4664,4708,3488.238095,1344.701376
2,28,4708,3638,3866,4041,4985,4955,2772,3935,1428,1617,4408,4811,4550,3095,4693,4539,4329,3962,3607,1319,3983,3773.380952,1127.618308
3,1,4651,2940,1205,3811,2870,3656,2082,1236,4938,2374,2864,3588,4761,1712,4189,2803,3715,3041,3552,3261,2592,3135.285714,1058.376263
3,2,2889,409,3253,3105,2619,3088,2921,2870,3250,3469,4806,1236,900,2735,2690,1472,3065,2955,1937,3526,2958,2673.952381,993.121215
3,3,4558,2683,4085,4808,2780,4053,3275,3623,5151,3307,2617,2455,4159,5121,2616,5228,3224,3651,2507,2720,2375,3571.238095,975.8716568
3,4,4674,2811,4637,4346,1652,3839,3105,2109,3958,4126,1218,2507,3889,3524,1514,4688,3746,2710,4847,955,2319,3198.761905,1229.842303
3,5,4755,2108,5237,3766,1714,3060,4080,5174,1995,4356,1869,3544,5123,5010,1112,1181,4266,1875,2371,4828,3163,3361.285714,1427.448393
3,6,4809,5099,3981,5055,5290,5395,2249,5191,1393,4898,4445,5421,5111,2189,1576,1940,2993,1737,5025,1640,2797,3725.428571,1551.50387
3,7,4996,2879,931,2636,4415,4857,2557,4429,3351,4965,3398,5035,5044,3769,4110,5186,3523,4881,3760,4031,2350,3862.047619,1127.69741
3,8,5043,2170,4610,3814,3541,3467,1854,3458,4985,3925,737,4506,4029,1510,2549,4167,4138,4343,3566,5476,2753,3554.333333,1231.629422
3,9,5299,3816,4604,4698,4822,5347,5416,3245,3077,4757,3725,5081,636,4203,3138,4919,3176,1677,3112,4567,982,3823.666667,1394.51828
3,10,1392,4668,2785,628,3486,2311,4897,4834,1008,5021,5233,2812,1400,4673,4461,4694,3572,3976,2603,4621,2252,3396.52381,1474.338212
3,11,3582,5007,4101,3638,4427,5184,2448,5097,2912,1259,5031,4403,4786,2702,5125,5155,3927,2919,1334,4786,5134,3950.333333,1254.674393
3,12,4208,3347,5053,5175,5657,1205,1319,4453,1086,1037,2475,4715,1227,3634,2186,3491,1961,5612,1348,3258,3742,3151.857143,1607.646612
3,13,3834,2716,4313,4138,4709,5242,4149,2276,1487,440,3059,3456,1049,4319,3461,2347,1342,1851,5713,5122,4328,3302.428571,1493.341942
3,14,4244,3459,465,752,1540,3348,2913,5175,3520,591,2178,2533,3477,5770,3715,5610,5159,2250,3080,4081,1833,3128.238095,1578.533145
3,15,3322,4627,4113,3034,1710,2688,2810,2943,5188,825,2121,1484,2135,5731,3028,4640,2581,4697,2883,3863,4654,3289.380952,1305.150239
3,16,2864,5599,5664,4598,4395,5853,3436,1512,3419,5577,1761,1650,4972,5860,977,5368,2628,5009,3364,5391,4986,4042.047619,1612.777557
3,17,4551,5416,5619,3583,3682,5980,5412,4763,4985,5506,5820,2774,5750,5715,2877,5199,4146,4016,3510,5601,5953,4802.761905,1038.351044
3,18,5615,5696,3844,3019,5739,5945,3854,4455,4370,4115,3087,4512,3804,5826,3623,5417,1307,5383,6038,4001,2552,4390.571429,1274.499767
3,19,4547,6108,5274,6007,6177,2196,1507,4105,3654,5426,766,3737,2686,6008,4113,5929,2884,6073,5695,3871,2211,4236.857143,1691.77789
3,20,5701,5084,5376,4692,2881,2113,3847,5437,5399,4531,2628,5376,4946,3451,2896,2687,2267,5691,5151,5860,3684,4271.333333,1278.612503
3,21,1244,3926,4188,4863,3580,4416,5520,5079,1329,2630,5241,6074,5706,4601,3271,4711,4856,3463,4921,3140,1595,4016.857143,1409.849683
3,22,2039,5364,6389,5161,6372,3425,3055,5608,1480,438,5651,4526,2829,6076,6255,4552,4884,1924,4373,2030,2672,4052.52381,1818.314264
3,23,5487,4449,6066,2565,6241,5325,4397,4679,1608,340,5553,4868,4150,3150,4808,2102,3520,3588,5622,5126,4809,4212.047619,1539.94495
3,24,5078,5789,2403,4536,5442,6177,4569,2010,5300,4919,5075,2931,2645,3298,5538,5740,4183,4184,6020,2412,6097,4492.666667,1356.971862
3,25,6101,4375,1832,2557,4407,5460,4378,2681,5646,2215,5952,2019,3049,4874,1699,5218,4689,5420,3707,6027,6401,4224.142857,1565.076046
3,26,6465,6443,2123,5384,991,4771,4750,6123,6311,5390,4067,1390,2663,6457,3465,1331,1489,4511,4912,6123,5004,4293.47619,1905.639804
3,27,5790,4055,2008,4933,3267,5298,5067,6290,6357,5514,2969,3895,6211,4311,3413,6046,2645,4608,4393,6206,5002,4679.904762,1296.356737
3,28,3518,2820,1653,1075,2743,1008,2540,3475,6308,1854,1362,6331,5874,1350,6245,5279,6275,3129,1598,1757,5100,3394.952381,1980.155385
3,29,857,2000,2897,5127,6490,2884,4401,1066,3454,553,6757,6464,6274,4706,6308,2300,5584,5217,2837,5361,4437,4094,1993.97836
3,30,2642,1364,5256,6316,1218,3304,6236,6221,6196,449,6825,5099,6108,5897,6367,2352,4653,2119,2721,6372,5489,4438.285714,2077.038424
3,31,1243,6422,1071,3457,4977,4906,3646,2891,2361,1751,1641,6228,5772,5560,1531,6562,4149,3323,3877,5934,5304,3933.619048,1841.494732
4,1,6079,5698,4044,1600,6855,5325,3116,2064,3182,5665,1840,2985,1842,4533,875,3783,2672,2857,6176,3164,2579,3663.52381,1723.950829
4,2,5382,5532,6089,2215,5511,5212,3647,5743,4983,5951,6258,2785,6599,937,2433,1677,4971,2337,1592,4347,2681,4137.238095,1803.183405
4,3,5983,1391,4601,6185,3460,6076,6339,6201,6523,5499,6146,5274,2880,1849,4152,1014,1502,5874,2144,3703,3247,4287.761905,1904.804528
4,4,6609,1404,1194,2080,5589,2554,6513,5737,1794,6202,1262,655,1522,1502,3194,1049,5168,6356,2224,6098,2754,3402.857143,2210.529649
4,5,2015,5277,2688,6820,3533,2243,6502,5044,1283,2783,4665,3554,4682,6289,5473,2023,3591,6662,2797,6767,3173,4184,1782.091103
4,6,4716,3063,863,4536,5168,6739,6820,6881,4787,1322,4278,2069,2925,5113,6890,6209,5840,1961,3349,6438,3870,4468.428571,1912.859158
4,7,4563,5777,2587,2179,2633,2931,3955,5713,6780,4729,6617,4018,2068,2309,2083,3166,5953,3304,4424,5609,6691,4194.714286,1648.015963
4,8,1481,3635,4380,3570,1932,2312,5475,6600,4900,5188,6194,3313,2809,6436,4948,2031,3269,2059,6015,6499,3488,4120.666667,1689.202662
4,9,3636,6536,6779,5886,3390,6858,4769,2905,5954,3255,5495,2032,6940,7013,5469,2623,2769,5932,3416,2781,2351,4609,1766.876198
4,10,4582,2728,5800,6531,2930,6728,2389,4363,5136,5985,6486,3757,6783,6824,6184,7034,6390,5852,5963,6219,6769,5496.809524,1459.780244
4,11,4926,5373,6069,806,4253,3526,2302,4493,4269,6237,1418,6004,5366,7144,5205,2889,6412,3600,3435,5160,6755,4554.380952,1726.481088
4,12,3383,2660,3432,4449,6977,6509,1340,5168,4621,4327,6020,1192,4704,7069,4447,6441,6105,2374,6579,6436,7054,4823.190476,1865.276243
4,13,5524,2712,5263,6956,6223,5886,2269,7042,1419,6463,3270,1246,6313,6821,1399,7030,2408,5839,7426,6952,7128,5028.047619,2226.218329
4,14,2394,4721,7126,7146,5623,3821,3173,6109,5845,7105,5299,3712,3436,6488,1717,6780,4913,7073,7179,6482,6752,5375.904762,1720.345137
4,15,1843,725,5415,7147,7193,1232,5250,3793,7168,5894,7267,1233,5486,7279,6996,6149,4955,6502,6624,6563,3181,5137.857143,2228.921943
4,16,6905,906,4900,7183,6799,7302,1510,5533,1858,4064,7145,1830,4894,7213,7235,5950,6624,5902,4080,2208,3230,4917.666667,2207.406268
4,17,7370,2711,6629,7108,2846,5766,7288,5756,3957,2681,7174,2848,4942,6782,5275,5486,6518,5120,3469,3059,3135,5043.809524,1734.480661
4,18,1799,2230,7074,6929,5605,5390,4495,5644,5045,3382,6866,3690,7142,7098,4599,4771,6743,6971,2696,5622,6495,5251.714286,1698.136807
4,19,2782,2251,3340,5684,6775,5978,3519,7164,1961,5738,6879,5500,7051,7220,5507,6322,4667,6907,3705,3985,1801,4987.428571,1844.843586
4,20,1175,5009,4869,7519,1473,7059,4148,6818,2851,6359,6284,7310,7376,4459,7105,6468,4198,6876,4084,5252,2363,5193.095238,1986.370029
4,21,5696,7535,1648,7116,2963,6516,7664,5036,5063,5796,6827,7128,6490,7530,4431,4913,6339,3983,1521,5860,6429,5546.857143,1803.58297
4,22,5401,7652,3502,3776,2969,2797,7097,2784,5558,6173,6792,7063,1319,5889,5406,1053,1305,6449,1394,2635,7025,4478.047619,2249.323953
4,23,6138,7726,7597,6258,4099,3238,3775,4430,2242,7537,6177,6490,1489,1845,2265,2181,2927,5853,2344,2504,3512,4315.571429,2107.577984
4,24,4463,7123,7076,7410,2908,7774,6033,5017,3545,7001,7437,7146,2399,5737,7535,6013,7573,4098,6071,7780,5979,6005.619048,1665.975975
4,25,7106,1049,2104,3115,7132,6363,6521,4853,1787,2388,7148,2178,3809,2972,4514,7024,2520,6204,7196,7090,6058,4720.52381,2197.511197
4,26,1881,3336,4140,1323,3160,3334,6532,3002,5314,3403,5299,5226,7712,6085,1532,905,5255,7658,4131,5388,3654,4203.333333,1947.999572
4,27,2219,957,4101,7805,3812,2461,6663,4160,4847,2350,5035,1389,7524,924,4146,4820,7622,5611,3260,7719,5868,4442.52381,2233.980855
4,28,2322,5316,7045,6591,7593,7316,7220,7491,2498,4251,1287,1946,7822,4586,6839,7380,2200,7832,5442,7328,7362,5603.190476,2277.445117
4,29,6320,975,3912,5014,7594,3691,2413,7756,4475,7721,3972,2035,7844,6705,6808,6099,3109,7752,7441,7318,7681,5554.047619,2214.489726
4,30,1304,2469,2526,7177,7045,1955,6920,6340,6983,5117,4421,6682,7696,1365,6242,6584,4452,7087,7337,7464,6894,5431.428571,2206.504783
5,1,1878,4930,5522,1971,4522,5542,7811,1816,7302,5961,7254,5510,7774,4271,6385,5468,6023,7471,5378,7727,4057,5455.857143,1883.416478
5,2,1809,7022,1832,1399,7385,3716,7623,2554,2854,5567,1153,5714,4317,2427,2197,2005,2603,7118,4974,7747,3682,4080.857143,2273.74168
5,3,2541,3127,4857,3448,6080,3175,7944,2527,4399,2950,2025,8023,3853,3448,2642,7915,4985,7178,7915,4667,3658,4636.047619,2049.020607
5,4,3540,3403,5273,1763,6210,3000,7865,4345,2089,3230,2744,7845,7235,4331,6222,7281,8064,6826,6304,3108,3639,4967.47619,2074.825646
5,5,1214,7255,1361,3728,6280,6880,8003,6387,3823,7483,7847,5774,7210,7677,2196,5186,7700,7085,4336,4360,3552,5492.238095,2191.944431
5,6,5944,1339,3864,2363,7598,5926,8124,6940,6932,5494,6643,8097,3007,5969,7446,2322,6947,7917,6179,4724,4189,5617.333333,2054.531974
5,7,2031,4253,2425,5189,7886,6995,7867,7175,5077,6937,6136,7700,7772,5834,7599,5644,5250,8235,5269,4256,7140,6031.904762,1768.586552
5,8,8141,7947,4873,6564,7324,6575,3950,1796,4650,3474,5328,7983,6836,2982,5408,2205,6153,8167,5468,2800,3852,5356,2027.512762
5,9,3944,7975,3373,8131,6647,3742,5344,3863,7820,4082,3359,6966,4310,7663,3245,6678,3677,6571,5565,3571,3215,5225.761905,1811.551708
5,10,2313,3787,4617,7962,3780,4515,6046,4632,8075,7958,6268,4991,4113,7573,5213,7270,8002,7771,2779,7329,2503,5595.095238,1985.307631
5,11,7280,7172,7584,8177,7665,8169,2528,7728,6657,6321,6980,5137,3326,7083,6921,2904,8050,7666,6263,7746,3237,6409.238095,1843.736991
5,12,1020,903,7688,7929,3782,7362,4979,8067,7987,1676,4634,7694,1567,7129,6434,2593,2324,4466,4234,8253,6770,5118.619048,2625.670209
5,13,1719,6955,2097,2048,4415,4559,3861,5877,2467,7063,7612,8365,3522,8411,5438,2122,1901,7765,5894,8352,8467,5186.190476,2510.179926
5,14,1529,5602,4899,5530,8373,6401,5763,4614,1867,6632,7310,8150,1840,5695,6301,4011,3072,6144,7223,8133,7937,5572.666667,2111.53876
5,15,6370,2692,5069,4245,6105,2138,3614,1563,1464,8176,3675,4890,3545,3851,3942,5548,7378,6387,5211,7709,7541,4814.904762,2010.454498
5,16,7140,5209,7754,6418,5612,2880,8271,6001,1863,8017,2017,1987,2484,6077,5172,5736,5825,3808,8141,7592,7534,5501.809524,2186.193144
5,17,2957,5149,7775,4061,7652,6851,7387,8141,2267,6755,6260,5996,4007,6588,7971,8044,4624,5530,7992,8203,6129,6206.619048,1786.960002
5,18,8228,7737,7431,7611,7041,6471,6599,8325,2670,3140,3092,4408,7147,6537,4128,7970,3035,2931,3808,5947,7508,5798.285714,2041.814564
5,19,5147,1452,7826,4936,5302,6568,1476,8171,5195,2377,3642,1558,2934,8230,6353,8376,6663,6302,2171,2989,7751,5019.952381,2431.364113
5,20,3953,3621,8418,7855,5663,8280,5932,7602,4398,8021,5968,6080,2240,5704,7375,7067,5790,7084,2572,8365,6708,6128.380952,1866.171334
5,21,7871,8437,5800,4138,6237,7028,5893,4260,5792,7839,4539,6672,2700,6435,6638,3177,5773,6960,2518,8134,6296,5863.666667,1730.812622
5,22,7825,1027,2568,5470,7981,2317,6896,3983,4206,6377,4257,8108,5599,2686,3481,3419,8453,2322,3428,7182,5886,4927.190476,2245.82169
5,23,4645,7546,6159,8209,8631,2776,2593,6373,2236,6137,7791,7723,3141,3956,4515,1734,8486,1849,5678,3189,8553,5329.52381,2447.517081
5,24,4675,8372,6527,3324,7927,5058,2805,4644,4195,8109,6281,7869,7897,2065,4787,2253,4468,2079,5262,2981,8495,5241.571429,2223.355697
5,25,6173,7831,1644,6117,5764,7409,3421,4632,7280,8045,8536,7180,7995,1287,4831,4826,8477,4542,5212,4670,6300,5817.714286,2068.323673
5,26,6161,5869,2144,6272,5900,5481,3681,5648,7461,7995,7072,7161,4140,1827,4335,1186,5067,2539,6064,2347,6720,5003.333333,2025.518584
5,27,7576,1123,6651,5918,4866,6561,8670,7831,6628,7170,5777,4613,4029,5881,6922,5222,7384,3002,7617,6441,8263,6102.142857,1823.285806
5,28,853,4312,5027,7731,6339,2161,6209,7150,7193,6790,8682,8124,7458,6632,5283,4061,5711,3256,5072,7593,8065,5890.571429,2062.505287
5,29,3284,8250,1584,6167,7955,7879,4875,6714,6461,6050,8539,8294,5708,5040,5842,2548,4158,4301,4699,8254,6631,5868.238095,1988.146823
5,30,4159,7740,2135,6367,5518,5912,7194,4383,6893,6348,6926,8113,6526,7903,8562,7701,5108,5445,8107,8382,8222,6554.47619,1659.282092
5,31,7915,3536,6210,8408,1675,7391,7426,8435,7967,7970,2949,5924,6056,6162,5424,4289,3770,8400,8191,8244,5213,6264.52381,2052.512987
6,1,6468,5366,7065,7917,2399,8342,6777,5741,6396,3583,6839,6956,4327,7558,3104,1540,8097,6694,6865,6242,8553,6039.47619,1972.881867
6,2,4273,6268,5822,6816,4371,8175,5966,3149,4957,8052,8457,5184,2377,7764,3951,8016,6192,3658,3973,5835,5560,5657.904762,1777.090682
6,3,6686,5593,6623,4838,8651,6825,6495,5550,8785,5252,5718,3869,1783,6485,8020,6161,8372,3681,7814,5234,5826,6107.666667,1735.798903
6,4,6645,2659,3400,7264,4989,7158,8704,3769,7641,6620,2248,2046,2547,8079,8535,4284,5985,4077,5674,8219,7675,5629.428571,2254.368261
6,5,5289,2342,2654,2259,4869,6115,7618,3908,3659,6024,4803,5452,6048,7798,4737,1773,6059,6478,3407,7279,8398,5093.761905,1928.355177
6,6,4148,5098,2127,7362,7894,5059,5439,5806,8395,3862,4161,4547,4908,5406,2169,7791,3000,7381,1844,7335,8317,5335.666667,2088.247982
6,7,8665,4560,8294,5267,8281,7686,2903,6587,7796,7113,6733,7019,1584,8375,6245,2173,7957,7582,7464,7259,3656,6342.809524,2143.970094
6,8,8846,6664,6869,6680,4143,7532,4420,7472,7020,6865,5798,7190,3095,7533,7713,3130,7918,8783,4861,7612,4020,6388.761905,1753.410503
6,9,8322,6705,6412,7655,4281,2123,8076,3679,4542,1995,8138,5759,3474,7131,6909,5412,5504,8268,4779,3092,8462,5748.47619,2099.728569
6,10,5154,6970,7158,8585,7884,5407,2461,7402,6714,5182,7429,2925,4479,6702,3961,8016,8204,8619,8300,6954,8012,6500.857143,1850.306253
6,11,6054,8615,7918,3534,7188,2042,2469,7826,1943,6986,7901,7071,5231,7017,7959,2499,7235,2563,5621,8779,3122,5693.952381,2417.783871
6,12,8612,8514,8411,3776,5906,1650,5895,2521,3420,1764,8692,5083,6546,4927,8829,5246,3490,6831,3015,8818,2568,5453.047619,2519.871316
6,13,2274,2410,5856,7090,7631,2927,1278,7822,3028,1797,8006,3235,8154,6814,6987,1161,4741,8046,2477,6531,2747,4810.095238,2577.532559
6,14,3160,5125,8373,8809,7289,6400,8166,8462,2928,3887,3748,6258,4081,4441,4600,2717,3553,7995,2523,6463,3044,5334.380952,2173.98428
6,15,6051,5154,6082,8592,3146,6767,8663,8531,7854,8374,7378,8513,7082,4451,7524,8431,2259,7862,5447,6702,4300,6626.809524,1892.939397
6,16,982,8261,2364,7591,3262,8134,3336,8345,7977,3335,4993,8120,7834,1768,7587,8617,5246,7375,6864,7301,4259,5883.380952,2504.938152
6,17,7402,7965,4846,8695,7533,7037,6564,7576,3663,2662,4676,6041,4606,4566,2914,7567,6632,4277,4987,2387,5378,5617.809524,1867.529936
6,18,2686,5570,6533,8653,4522,6172,4544,6181,7471,7840,3154,8184,7813,3457,4987,1730,7271,8632,2965,6334,5795,5737.809524,2082.699081
6,19,3878,8630,3453,8253,5572,8189,8762,5701,8008,8326,4646,7283,5551,6876,5605,6237,8503,8100,6475,8191,7896,6863.571429,1634.226593
6,20,2591,3940,7161,7654,5904,7800,8588,7723,8536,7644,3871,6704,5025,8592,7804,2039,8501,6688,8363,8021,6603,6654.857143,2017.350869
6,21,4587,8435,8053,8645,5366,7617,8121,8103,7906,7474,8329,6619,8045,7988,8474,2983,8148,3082,4658,6334,7545,6976.761905,1780.974506
6,22,8217,7245,7214,6312,8175,7744,6091,7281,2136,4354,4324,5438,5405,4930,2173,2883,2790,4433,5414,8566,6103,5582.285714,2001.456873
6,23,8607,1300,4933,7655,4734,7848,7552,7019,2352,6065,4955,8810,5270,8645,8759,7820,4716,3289,8449,8290,4913,6284.809524,2255.000546
6,24,6853,3546,7385,8666,8055,4191,5570,7661,4339,6078,6093,7300,5852,7409,8131,8055,8685,4031,7026,7871,7033,6658.571429,1566.020548
6,25,4181,7797,7052,7407,7041,4986,6522,4841,4287,7850,7871,7676,4958,7901,4435,7823,6625,8445,6966,4469,6743,6470.285714,1449.893863
6,26,8055,8654,6634,7761,7171,6064,4121,4643,5071,4197,2116,8129,1591,7254,5598,7896,6982,8218,4511,8514,5681,6136.238095,2051.225948
6,27,7825,2263,5355,3813,3952,8576,6640,8288,7644,5311,4992,6072,5984,7366,6333,7712,5653,8115,3960,7598,4417,6089,1756.766177
6,28,7933,3109,7411,4392,2224,7655,4918,8367,4578,2664,6092,5090,4723,4331,5390,7823,5624,6737,7628,3135,7863,5604.142857,1926.966458
6,29,5030,8392,4517,6953,5100,7758,6654,7993,3530,6068,3797,7672,4747,3764,6969,6700,7836,6661,5437,3499,4160,5868.428571,1631.337322
6,30,4742,7985,4479,8553,2759,5544,5431,7404,8183,8613,6819,8474,7820,5435,7510,5769,7521,6098,5997,7349,4743,6534.666667,1603.597217
7,1,8280,7451,5459,5808,3887,7587,2765,8308,6292,3211,5572,6170,7379,6270,7139,8605,6088,5172,7854,6049,5607,6235.857143,1607.199779
7,2,4435,8242,7993,7551,7559,3728,4836,6289,8039,8115,8332,6664,4186,7762,8214,8187,6748,8773,7688,3884,8544,6941.380952,1686.887681
7,3,8155,7193,8054,8363,8535,5845,5951,7872,2781,8451,3495,7261,7734,8154,8179,7131,7149,6043,4165,7861,8491,6993.47619,1693.605019
7,4,7389,8193,7844,8490,2976,3075,7859,7170,7689,8202,7427,3000,4346,8094,6565,6942,6767,6477,4435,6328,5682,6426.190476,1810.915918
7,5,7792,5319,8418,6419,7573,8561,7088,7328,8050,8251,5679,5816,5710,5196,4139,5015,6589,6189,8563,6859,7036,6742.380952,1293.004581
7,6,5187,5877,4822,8162,7266,8474,6828,7970,7110,7976,6171,6950,6833,4529,4232,8247,6724,6430,6614,6202,7307,6662.428571,1219.610658
7,7,8400,8735,5643,3900,4435,5500,6008,4586,7179,7913,7212,7152,7498,3434,6507,4001,7191,8130,6954,8669,3598,6316.428571,1747.275324
7,8,8531,8549,3828,5294,5294,5861,6284,7051,4517,7309,5492,5372,6994,1983,5362,5953,6532,3249,7940,8308,1970,5793.952381,1926.291942
7,9,8471,8570,7643,1874,3456,6270,5382,6450,8225,7845,4677,6541,5734,4111,6014,3500,3803,8239,4211,2637,7388,5763.857143,2061.019051
7,10,7396,6375,6488,5382,7552,8170,4593,7026,8180,4527,7458,6886,7538,7756,7389,6185,8462,5669,5809,7260,7607,6843.238095,1130.272706
7,11,3030,7175,6238,7416,8179,8380,7040,8347,6167,7519,4100,3247,6976,7181,7835,2496,8319,6618,7634,7030,5933,6517.142857,1798.07356
7,12,5412,8252,4497,7578,7422,7715,6775,7104,7291,7753,7451,8501,3092,7037,3952,4768,7866,6308,7863,7416,6675,6701.333333,1491.176996
7,13,7692,7761,3889,7735,7184,3245,4241,6483,5891,4386,3445,7213,4340,4967,1628,4931,7689,4307,6848,6626,7770,5631.952381,1837.989349
7,14,7681,3781,3055,6469,6601,5898,6874,6640,8326,3621,5736,7318,7973,5424,4027,7457,7616,5908,7247,5948,6892,6213.904762,1505.274822
7,15,7393,6023,5451,5223,6517,2795,7309,4498,8216,6841,8120,4691,2970,6534,4651,7841,6291,6281,3055,8084,6817,5981,1698.462452
7,16,6287,7024,7443,6362,8390,6895,7479,6329,7966,4841,7966,7270,8054,5590,3704,4876,7487,7165,5345,6993,5151,6600.809524,1262.644076
7,17,2812,1739,6548,6566,6106,7088,7727,6691,7956,6777,6442,7237,7125,3898,5575,7843,6436,4583,5739,7729,4797,6067.333333,1667.6205
7,18,2407,7922,6433,4429,6448,7708,7707,5891,3312,7851,6121,2525,7250,3496,3672,3597,6119,7955,7190,7198,8295,5882.190476,1984.116116
7,19,5972,8483,7765,5025,4407,4835,7579,6846,7200,5090,6110,2658,8089,5816,3920,7895,3667,6556,5670,3407,7877,5946.047619,1719.690306
7,20,5442,8307,6011,7626,7897,7396,5009,3640,6766,4507,3485,6220,7512,8133,7268,7028,8280,8241,8321,7505,4895,6642.333333,1573.145331
7,21,6979,7547,7023,8034,5665,6641,6578,7398,6919,6253,5651,6665,5032,7259,7273,3936,6794,8154,5499,6974,6465,6606.619048,1004.504578
7,22,816,4127,4325,5464,8181,6289,6448,7802,7993,7572,4067,8048,1386,5845,6918,4337,5941,7790,5885,7491,5601,5825.047619,2073.870162
7,23,4681,2897,4549,7607,7029,6155,5329,5069,6567,1947,1760,2014,5196,7987,2945,4735,3744,7582,7758,6632,3796,5046.619048,2018.046592
7,24,7201,5662,2078,7049,6521,5431,6324,5900,6198,4977,3883,4196,7738,7803,6425,5006,7441,6096,5970,6189,6473,5931.47619,1364.893791
7,25,6602,2408,1843,4919,6538,7353,6649,7915,2904,3722,7972,6857,7615,5594,6608,7939,6976,7776,6926,7848,7325,6204.238095,1916.790492
7,26,7803,5115,6762,6991,6079,5490,6877,5034,6365,7712,6586,7280,6258,6692,4704,6420,4435,5888,3034,5980,7988,6166.333333,1217.441183
7,27,7456,4157,2488,7940,6639,4985,6901,4308,6648,7902,3850,7281,5749,5066,1801,2963,5384,7996,4281,7510,6567,5612.952381,1891.995441
7,28,6003,5387,6318,5525,6111,3033,2979,3195,6246,6555,6437,4953,2619,7958,4647,6881,3908,7059,5251,7871,5358,5442.571429,1572.995695
7,29,6873,7049,6384,6435,7288,6842,6613,4978,3896,7541,7359,6366,6110,7339,6939,7868,7169,7370,3594,5307,5258,6408.47619,1172.712097
7,30,6491,4987,8002,4463,4666,6787,6498,6807,7206,6320,6215,7149,7382,7376,6265,7753,6575,6922,3080,7638,4924,6357.428571,1258.385218
7,31,3556,6461,7442,1535,7919,4502,6548,6653,7535,7680,4899,7342,6815,5727,4562,6851,7721,7521,2714,6345,7258,6075.52381,1792.093737
8,1,7087,2441,7304,3349,7460,5825,2342,4674,6834,5933,6261,7551,5892,5404,3941,1318,5927,7771,4587,7172,7984,5574.142857,1952.161911
8,2,7654,4038,4517,4235,7190,5419,7247,7370,7268,5481,3255,7133,6094,7471,7606,5666,3642,7027,6127,7413,7827,6175.238095,1482.653969
8,3,4422,1592,6604,7326,6339,5713,5789,6326,5165,4947,5034,6030,5376,6012,6053,4536,7494,4483,5074,7690,7498,5690.619048,1381.09194
8,4,6719,5618,6228,7501,5175,5490,6674,7030,4900,6233,6251,7811,4977,7069,5301,4494,7148,4778,7129,6360,5693,6122.809524,973.9009508
8,5,7924,7414,3049,7387,6326,6220,7943,3483,6664,4549,6954,7905,6794,4129,5862,5072,6299,6245,6504,6714,4795,6106.285714,1428.694024
8,6,4802,7343,6145,6210,6501,6468,7322,6821,3039,7391,5116,3033,7262,6799,4791,3997,5493,7392,3489,6272,3566,5678.666667,1525.077484
8,7,4254,4244,2390,6742,6826,5401,4802,6988,4953,7800,5346,5063,6435,6711,4328,5393,5971,6517,4871,7637,4929,5600.047619,1316.780068
8,8,5579,4327,6037,7711,7157,6442,5270,7450,4562,7365,4342,5742,6142,4931,4259,5048,7052,7253,6367,2927,7240,5866.809524,1329.307663
8,9,7520,6980,7297,7520,6488,7183,2704,6003,2479,6322,7287,6834,7534,5322,5856,4706,7129,6074,5357,7882,7203,6270.47619,1487.819264
8,10,5649,5521,6743,2971,6714,7377,7520,2095,5020,4996,3647,1710,6539,6992,6002,5226,7160,3949,6539,5433,3678,5308.619048,1722.576659
8,11,7002,1281,4133,5989,3264,7053,7489,4006,7430,7136,1356,6647,6920,6592,5334,3051,7356,6303,4534,3466,3766,5243.238095,2008.349469
8,12,5436,4021,6313,5871,6401,3026,6752,4789,7048,3433,5257,6570,7342,4668,2965,4667,6651,2779,2895,7029,5737,5221.428571,1538.712565
8,13,3071,2202,5380,4693,6275,2303,3466,5258,5189,5581,6619,6860,7141,4710,3423,5595,6061,5788,3751,4283,6937,4980.285714,1493.907432
8,14,6185,5967,5554,4587,6758,4634,4730,4102,2584,6514,6020,7465,6600,4379,5268,6435,5390,7041,2006,3281,5551,5288.142857,1449.827862
8,15,6375,6179,4570,5744,5251,2444,6300,4731,1661,2606,2820,5621,5849,3873,4385,7047,5407,7429,5694,3545,4344,4851.190476,1574.560562
8,16,3970,6503,6391,3818,6212,5335,6462,6674,5072,3834,5752,5310,6400,5012,2494,4826,5174,5866,6014,6889,6387,5447.380952,1152.540172
8,17,5897,2948,6823,6102,6115,4666,6592,3942,7269,6988,5196,6103,7185,7193,6030,4238,6069,4156,5634,5603,2910,5602.809524,1332.291245
8,18,4733,3319,1762,5803,6076,6375,3668,6692,5559,4860,5341,6439,6113,6150,4962,5794,5775,5072,4614,4938,3202,5107,1248.504065
8,19,4848,5514,6232,6921,6763,7142,5134,6214,4676,5234,3879,6215,1639,2350,3377,6833,6496,6616,7140,6930,7291,5592.571429,1626.61583
8,20,7162,5730,5655,7017,6194,5258,6493,5251,6565,7300,7093,3223,3257,4237,4370,6750,5809,4556,7186,4128,6529,5703,1307.592788
8,21,2766,5681,6192,3661,6650,3673,6768,7175,3883,4590,6879,4077,5761,3669,2076,5992,7214,5115,6771,1992,5596,5056.238095,1674.505685
8,22,5125,3947,6248,7214,6959,1334,6189,6759,6414,1757,6800,1892,6990,5013,7178,4158,3950,6347,6716,3076,6864,5282.380952,1943.722163
8,23,4710,6878,6332,6973,5606,3682,6345,5924,6972,1280,6355,4338,5514,5036,5717,7201,4911,4427,2052,6815,2984,5240.571429,1655.907623
8,24,6525,6714,5987,6568,6313,6443,7171,5902,5792,2211,6722,5367,5587,4636,6794,7146,1460,6651,6057,6397,5189,5792,1466.718923
8,25,6219,5379,5634,2474,5376,6791,6662,5624,1704,2817,5756,5157,2168,6935,4265,3688,6614,6940,6859,6084,4693,5135.190476,1671.439428
8,26,7064,5145,6447,5970,6040,6750,2798,6323,5792,4835,6803,4202,1791,6211,6469,5280,6224,6317,6739,2250,5421,5470.047619,1515.889425
8,27,4132,5233,6766,6228,4460,4223,4050,4858,4469,6913,6189,6610,1646,6663,4917,6360,5519,4456,4814,3525,6777,5181.333333,1347.477285
8,28,4786,5217,5177,6394,4577,5192,6263,4801,1002,6359,4763,6762,5027,2052,5484,6301,5445,4428,5332,5153,6687,5104.857143,1392.873228
8,29,6256,5540,2113,6543,5689,6512,4419,6932,6651,6729,2482,6374,1422,4786,5884,5004,1660,6514,5865,6452,2654,5070.52381,1853.269992
8,30,4138,5150,6618,6437,3852,6428,5356,6303,6659,6666,4027,5618,4538,2453,4705,2328,6097,5996,5259,6903,5570,5290.52381,1338.845608
8,31,5778,2148,4333,2770,5450,2758,3241,6220,5745,6248,6647,3684,5510,2078,5177,5634,3833,5624,5373,6756,5383,4780.47619,1480.97264
9,1,3540,2947,6250,4404,6312,4223,3442,5721,4184,6144,6517,6378,4823,5927,5617,1843,3739,6528,4708,6221,6077,5025.952381,1371.057237
9,2,2239,3961,6054,6087,6041,3856,3091,6320,6223,6239,5992,6723,1012,6080,6567,2067,4147,6542,4562,5605,2236,4840.190476,1797.957275
9,3,5667,5499,1421,6086,5204,5991,3124,5860,3788,3142,5118,5900,1996,6468,6069,2441,6047,6321,2809,5647,5148,4749.809524,1602.314845
9,4,3934,5455,5982,6215,6008,5274,6437,2696,2758,3121,5934,4940,2596,5333,5690,3028,6126,3534,2505,5578,6076,4724.761905,1440.132734
9,5,5322,6134,2854,6228,6338,5457,5692,2997,1316,4326,5929,6284,2239,6550,2537,4503,5397,6390,6698,5146,6062,4971.380952,1627.492042
9,6,4633,4012,1040,5232,6226,3487,6356,5004,2376,5657,896,4770,3503,6406,6244,6511,6367,6435,6577,3080,6226,4811.333333,1811.012406
9,7,4969,3258,3098,5644,5827,6407,4143,4303,1117,5657,6282,5672,5118,6304,6010,6111,6152,5948,5903,2276,1529,4844.190476,1651.125877
9,8,4819,2781,2799,4453,5206,6032,4756,3435,2658,3184,5257,3322,5589,5342,2332,6107,6288,5490,5288,4525,4116,4465.666667,1248.638832
9,9,4973,2413,4044,5355,4373,5842,5272,3972,5598,1410,1023,1181,4738,5964,1655,5794,5845,6069,1679,4707,3847,4083.52381,1776.134838
9,10,4610,907,5754,4411,1158,5234,2728,4653,5058,2162,5324,1595,5937,6306,6004,6099,5897,2516,5810,2527,5968,4317.047619,1835.254001
9,11,4464,1610,5975,4959,5644,1551,5395,5987,4121,6125,6016,1341,5892,6155,5527,5490,3094,6127,3606,5926,5361,4779.333333,1613.846069
9,12,1188,1664,5917,6146,3377,3856,3027,5967,5670,1984,1784,3595,5887,5582,5467,5817,6360,6034,1660,6185,3581,4321.333333,1847.671787
9,13,5783,3835,5154,5955,4044,1145,2553,5910,5496,4583,3183,5395,2224,5461,5076,1621,5873,4318,5950,5867,5499,4520.238095,1533.187852
9,14,1115,4322,3348,3250,4014,5144,3131,5379,4573,5188,3692,4260,1248,5243,5351,1564,5015,4478,5827,3845,4049,4001.714286,1356.157002
9,15,5119,4615,3776,6058,5813,5767,4804,4862,960,5484,5299,2547,2614,3666,4731,3570,2456,5953,2578,3521,3324,4167.47619,1414.682919
9,16,5735,5517,5249,5908,5418,2676,2602,5919,6006,3362,3526,5550,3995,1617,4103,5876,2759,5940,4699,964,3659,4337.142857,1563.945117
9,17,5932,4034,5333,5181,5766,5372,5946,5606,3904,2188,5790,5897,4766,2740,958,5806,5785,5851,5157,3358,5884,4821.619048,1428.184634
9,18,5884,3545,4044,2193,5701,5034,5442,1388,5243,5580,5669,5791,4813,2814,1531,4453,5138,4734,5213,5947,5647,4562.095238,1439.88145
9,19,6023,4514,5246,2743,4978,5915,5786,5100,5662,2132,5832,5733,1288,5291,3908,3071,5481,5037,3481,5828,5007,4669.333333,1369.355335
9,20,5560,3396,3978,5415,5200,4431,5674,5333,1816,5782,5273,5449,1960,1926,5496,3573,4182,1461,5502,4539,4983,4329.952381,1436.335632
9,21,5533,1605,4371,4896,4438,4452,4149,5405,3376,5078,3947,4712,4329,5582,4809,5614,3699,4744,3300,1914,2903,4231.238095,1116.168666
9,22,5054,3395,4864,5354,3093,4148,3276,4615,2502,3071,5432,4287,4685,5322,5403,3181,3072,3332,4738,845,1769,3878,1272.21653
9,23,1882,4396,5355,3107,5584,5336,4272,4958,1973,4586,5378,5584,1280,3868,5349,1803,4754,5066,2117,5432,5713,4180.619048,1500.581203
9,24,2549,4094,5104,4774,5253,4869,5623,5461,2770,3956,5062,5434,1253,5629,4575,5280,5554,3552,857,5275,4363,4347,1407.418452
9,25,5259,651,5134,5577,4025,3167,5427,5214,3334,4619,4160,5335,3302,2037,3608,3236,4132,2154,4439,4556,2587,3902.52381,1307.954763
9,26,877,1762,4566,4542,4457,5285,5346,2020,4909,3780,939,4656,4319,893,5278,4376,2933,3854,1616,5412,3956,3608.380952,1593.595886
9,27,5332,3926,4950,4867,5301,5118,2770,4471,4158,957,2403,2967,4966,4492,4996,3134,1611,1589,5233,3401,3173,3800.714286,1363.449821
9,28,4533,1763,4771,3449,3223,5012,5200,1115,1384,2205,2077,2977,3983,5260,1128,997,4575,2607,3772,2747,4709,3213.666667,1460.353462
9,29,4573,3964,5170,3547,1938,2224,4889,1945,2504,4389,1474,5210,2226,1335,4641,1929,5111,3853,5216,3529,5245,3567.238095,1415.626148
9,30,3490,3265,891,2650,1275,3301,4931,1737,3290,991,3320,4755,3280,4651,1610,4357,4704,4605,5131,2135,2188,3169.380952,1377.989495
10,1,3035,355,5156,1761,2588,1431,4829,1517,922,946,2245,3470,1039,5016,4949,2401,4649,4987,4695,4460,4131,3075.333333,1667.090649
10,2,813,532,5063,1628,2525,3681,2755,1836,2307,5102,3029,4025,4062,4882,2088,2075,3602,3942,3703,4398,2661,3081.380952,1324.728858
10,3,927,1548,4839,2769,2199,4884,4113,1691,3867,4855,2305,3787,2706,4716,5143,4803,1446,4735,4181,3373,3546,3449.190476,1344.871987
10,4,2837,1742,4776,2029,3586,915,1535,1303,2526,1818,3462,4430,2967,4692,4647,916,1650,4415,1920,1370,4931,2784.142857,1407.495516
10,5,5130,4952,4284,4834,4452,4979,1480,3988,4277,923,3724,4487,4826,4623,5019,3486,3409,4554,1539,2024,5026,3905.52381,1307.405814
10,6,1170,1284,1858,4798,4729,4252,1169,1230,4953,888,1814,3879,3939,4202,4542,2853,4791,2471,1675,3057,4759,3062.52381,1505.177751
10,7,453,1337,1419,4691,3084,2309,1248,2386,4575,3430,4819,2476,4748,2101,4575,4757,3001,3812,2864,4967,1781,3087.285714,1415.909501
10,8,3795,1078,2710,2166,4647,3234,4819,3252,4532,4646,3378,1908,4887,625,4092,4616,4737,4863,2301,4213,1396,3423.571429,1376.507413
10,9,2525,3697,1143,2149,604,3552,4080,2505,4497,4830,4257,1918,4604,2125,3133,3960,3550,4616,3642,2569,1165,3101,1257.464234
10,10,4328,3979,3977,4728,4506,3320,2195,1325,4475,4636,4548,1294,3042,1475,1776,3915,2402,4300,2597,1027,1003,3088,1364.485288
10,11,3118,630,2010,4514,4339,3711,3352,3305,3817,3879,4380,940,2679,1387,1997,4467,1604,4134,4081,4664,1995,3095.380952,1281.80995
10,12,3346,3242,3933,4266,4381,4538,4371,2567,2500,3910,4220,2008,1743,628,4186,2260,1247,3705,4489,4343,1730,3219.666667,1222.555411
10,13,3718,2037,3349,1564,2153,2090,4328,4237,2241,4506,2310,4102,4561,1310,4204,4455,2216,4012,3967,3281,2516,3197.952381,1093.717353
10,14,3884,3637,3065,4453,2667,2987,3250,2234,1573,2869,2492,3543,4076,887,1805,3111,4506,2591,4044,3795,1905,3017.809524,976.7781027
10,15,4326,735,3942,4253,4170,1780,2878,1157,1551,1122,3936,2859,1610,1637,1327,1348,3882,3088,3557,4091,1766,2619.761905,1269.405842
10,16,1368,3824,4278,1825,2283,1706,1890,2088,1969,2734,924,4215,4225,1580,1754,2259,1402,3776,584,4038,3235,2474.142857,1171.867795
10,17,659,2121,4242,1321,2055,2681,3938,3830,3194,3566,3672,3130,820,2215,1980,3257,2315,1681,2158,3594,2996,2639.285714,1025.134096
10,18,1338,4361,4043,3857,2696,750,2391,3916,1663,3128,3952,2477,1317,1439,1800,3060,3555,4352,1051,2675,3580,2733.380952,1170.086897
10,19,4248,3821,3870,4024,4143,2638,2711,426,904,2020,4277,1222,2365,2559,521,1573,747,3332,3470,4100,1875,2611.714286,1338.381341
10,20,1369,1580,3940,1247,2028,2926,3258,3345,2680,3792,3762,2083,447,3197,1932,3775,3914,3209,4046,1323,2895,2702.285714,1075.94889
10,21,2074,2663,3550,1380,1174,909,3739,2496,987,1877,806,3914,3851,3713,1037,1446,3100,3247,3648,3204,2042,2421.761905,1124.645985
10,22,662,1658,3059,199,749,917,1025,3827,1653,1946,780,3746,1184,586,2039,460,1164,2106,4064,1700,2158,1699.142857,1144.153062
10,23,3412,2166,2263,3840,3198,466,2184,1224,2650,1473,3737,419,620,1033,3832,1430,1899,2075,3949,1774,3697,2254.333333,1183.743018
10,24,3823,1194,1098,1484,1794,871,2317,1059,2341,1634,3523,890,1306,1385,1212,2722,3791,1776,2837,2460,3830,2064.142857,1014.700758
10,25,1405,1346,2526,3094,1852,3383,2342,1334,2741,2360,474,3774,2123,348,1581,2731,3466,2093,3519,3021,3632,2340.238095,1002.471541
10,26,3363,2591,1185,2583,3887,1101,2030,1225,749,2861,3700,2613,2753,2530,3576,1301,1126,2921,3317,3135,3375,2472.47619,985.1797612
10,27,511,270,3446,616,3059,3196,2154,1650,552,905,396,418,3598,1215,2368,529,2822,2358,2679,1638,3253,1792.047619,1179.25152
10,28,1440,1075,3192,2661,484,2432,2182,1720,3709,3602,291,3566,540,2366,3678,3271,1948,3798,3199,3477,1345,2379.809524,1171.207053
10,29,1796,1033,549,1090,2508,793,3687,981,1125,1490,1352,3365,1278,2780,3157,883,2823,2958,1397,3500,2195,1940,1017.483464
10,30,1051,1805,1889,1619,3240,2626,1825,1073,3771,2291,3441,3462,3509,3504,509,3521,1964,3665,1047,2746,3691,2488.047619,1061.176963
10,31,717,1548,2703,2774,2731,2851,769,1972,2820,950,3453,3111,2957,3244,739,2871,3419,1161,2224,2125,2064,2247.761905,925.9923274
11,1,2629,287,1008,3305,2257,1430,1075,1325,3408,2389,2282,1068,3323,2755,2312,1462,1892,2710,3308,3506,1290,2143.857143,950.5930931
11,2,2673,280,1656,2185,3274,3293,1517,1440,3187,3521,3515,3576,2335,3336,889,746,2179,2452,3309,1058,3099,2358.095238,1047.931005
11,3,2513,981,845,1216,3226,2811,1800,1892,2441,3408,1856,1227,1829,2977,3186,1873,2663,3280,2812,2590,2261,2270.809524,783.5118773
11,4,2228,2586,2520,3289,3193,2304,3174,1799,2892,830,2348,3021,2108,2744,1750,319,1220,2405,2787,2465,2680,2317.238095,774.6028598
11,5,601,609,1076,1985,1709,2032,2698,1597,3384,995,2328,2636,2952,2832,1743,396,2524,1156,1645,2599,2947,1925.904762,877.7701809
11,6,3340,308,665,1963,674,529,2963,3352,3344,1924,755,1363,3131,2740,2971,989,1363,3110,2759,3022,1443,2033.714286,1100.542827
11,7,220,3004,849,3185,1648,1597,717,1122,3049,2962,1843,1776,1560,2677,2100,3152,3378,1594,1425,2624,1156,1982.761905,927.0449776
11,8,2586,1547,2995,3166,3146,2178,2101,2450,2633,525,424,1408,448,2311,2546,3365,2834,2016,2050,2363,2010,2147.714286,863.2837971
11,9,3126,468,2062,384,3207,1424,1455,3075,3037,1195,1775,2152,1930,725,2700,3257,2138,2713,1338,2270,1988,2019.952381,894.4135775
11,10,1424,2230,3126,2599,1654,2196,753,2117,1724,2655,1522,2889,2426,1636,1428,3023,1746,2052,646,1550,1097,1928.238095,698.576188
11,11,643,2337,3164,1183,909,2922,1623,2384,1395,3168,798,3141,2231,2595,1804,687,1099,1472,776,3267,2683,1918.142857,934.7161219
11,12,1173,2533,2780,2974,500,1045,2003,2666,2584,3082,1178,790,565,2932,501,1728,782,2879,1292,1968,2929,1851.619048,953.6828863
11,13,3245,304,1499,2942,1564,1735,3077,1397,1766,3022,325,2486,869,2537,3094,1088,1025,2657,1029,760,1554,1808.333333,958.5407833
11,14,1819,2390,973,3020,1189,2111,2927,3003,571,2518,1442,2752,933,2963,2912,2492,2853,907,602,800,1714,1947.190476,907.8039777
11,15,2744,917,2832,636,2595,2987,2401,2242,688,710,596,364,1088,483,2889,3048,2466,1875,1717,1747,1144,1722.333333,958.4377566
11,16,3105,1115,883,1633,2731,902,2835,2045,938,706,665,1554,1011,870,1910,1332,979,1742,2036,1915,1383,1537.619048,718.5786301
11,17,2583,1222,2965,2309,2968,410,637,2796,1307,955,2105,1859,314,774,1151,549,1006,2600,1737,2920,417,1599.238095,951.3181332
11,18,970,1632,602,2757,2721,2157,2792,2846,2104,1950,1708,2384,1529,2744,1081,720,1039,2743,959,2505,2503,1926,776.7853629
11,19,634,1635,1033,2693,536,2848,2633,2826,2410,2238,2688,2611,815,2452,1576,287,1151,2487,2590,2390,1678,1914.809524,853.3292225
11,20,709,1713,1181,811,2774,1607,2756,2091,2017,1986,2511,504,903,2591,985,975,2659,2602,2476,1743,859,1735.857143,781.857614
11,21,2677,1489,2699,1206,2182,1937,2258,2491,2193,2144,2808,567,2825,2037,694,2685,892,2327,1483,2372,1139,1957.380952,715.8163505
11,22,351,2678,688,2018,1985,1596,634,2590,1585,592,2104,768,2051,336,1336,2447,891,2562,1603,1559,2758,1577.714286,809.3556167
11,23,2457,2776,2069,2476,2783,1860,2206,2158,736,981,2111,2101,800,2287,2510,2214,1469,2553,2870,821,2553,2037.666667,679.7065789
11,24,411,2290,2546,771,2566,1740,2842,1428,838,2766,1005,2365,2700,1171,535,2536,973,1033,2477,2018,1309,1729.52381,826.7871926
11,25,1171,1554,1468,1224,2577,1768,2522,1509,2139,1301,398,2527,2634,2616,658,2062,435,737,2246,885,2154,1646.904762,753.7771491
11,26,2446,1152,856,1051,1682,456,1347,1401,1981,1178,1076,425,2064,1075,2523,1949,2282,1475,1107,533,598,1364.619048,645.6131563
11,27,994,1186,1032,1028,1972,848,569,1020,1951,1129,1326,920,1585,1488,1331,2019,1385,1355,858,1795,1782,1313,414.3134079
11,28,532,1843,2296,2508,429,1769,2588,1385,702,1328,1410,1999,1003,732,345,249,2564,1500,1103,1081,2247,1410.142857,762.6856027
11,29,1374,1579,1771,246,2637,1364,2348,2350,633,2425,915,1133,1104,620,1882,705,1049,617,1189,1393,1609,1378.238095,671.0488734
11,30,2497,1297,2250,418,2088,888,2121,594,1529,765,492,2482,1275,1526,1423,530,1655,667,623,1905,1535,1360,687.5857765
12,1,294,1790,738,231,618,409,1378,613,2494,596,571,2545,320,1345,230,1635,2005,2174,1324,2642,1711,1222.047619,829.8741155
12,2,467,888,1542,1714,469,2119,679,1310,1355,1911,565,262,1174,868,566,1665,2062,1389,2614,2241,2405,1345.952381,710.1575513
12,3,2363,1589,1541,1007,1077,439,1096,711,2381,1685,563,280,2135,817,1230,2518,2628,2393,2625,1232,1567,1517.952381,763.1678371
12,4,1195,2023,1293,1255,448,1706,1785,1072,2321,2411,502,1414,2197,389,2377,842,2503,2105,2427,628,2315,1581.333333,735.8538125
12,5,1990,2105,347,681,1934,1158,750,977,1701,1120,562,1018,1520,2256,989,1702,1054,2144,787,1465,892,1292.952381,570.5760665
12,6,1267,873,2398,1845,1079,440,758,2091,434,1729,548,2125,1002,1234,555,710,1692,903,1870,566,1653,1227.238095,622.8443549
12,7,2232,2283,1205,733,2383,2457,1789,601,313,1544,512,667,1097,1047,543,810,2374,1999,1393,801,1077,1326.666667,718.0847675
12,8,2056,1410,1791,1169,1739,1764,1374,1056,1077,2118,1598,616,2216,2452,572,2421,954,1112,1033,2288,589,1495.47619,610.278184
12,9,1193,1901,1062,1709,1797,493,1050,1548,1778,2231,1412,814,1732,1030,1235,982,2514,1336,2363,2054,1686,1520,530.7479628
12,10,992,1767,1952,2092,1863,568,783,315,2046,1241,1328,892,2264,1955,252,957,2138,2288,1820,593,2313,1448.52381,698.8815078
12,11,2194,1430,904,1945,1671,954,1416,1255,2353,1541,1294,779,843,1445,701,442,1258,2349,1231,1052,1630,1366.047619,529.6575758
12,12,2190,1702,466,718,1566,961,2227,1851,2444,367,1406,896,1642,1469,738,2203,1332,1895,1131,2057,2108,1493.761905,624.0253124
12,13,964,727,1849,1803,766,1516,1310,2216,2321,616,1603,198,558,2454,773,2466,1346,585,2226,834,1744,1375,713.0800095
12,14,943,1079,2384,2426,532,1130,1109,1903,2089,1702,1477,757,1611,2297,1566,510,526,592,723,853,2369,1360.857143,679.4110895
12,15,919,1061,1669,1938,449,872,891,2172,426,1763,910,1506,936,2092,2351,818,1437,782,2389,2130,2303,1419.714286,660.1880143
12,16,1443,297,1347,2195,1514,559,2320,287,1039,1898,1104,737,1341,916,2079,2076,1059,1904,1013,891,1317,1301.714286,604.28372
12,17,429,1126,2187,938,328,707,620,651,1484,1583,399,2265,834,1725,1572,450,2448,494,378,1805,763,1104.095238,688.9508622
12,18,1747,2314,456,601,1370,937,2106,359,2339,1769,1569,1897,488,1460,2042,1378,2439,1021,1816,2206,2351,1555.47619,680.6907241
12,19,2284,2111,1289,2395,1807,1144,2002,1268,1192,1725,478,975,1029,2093,417,2087,1728,1164,598,2354,904,1478.285714,631.268417
12,20,2390,1887,1275,1695,803,1652,616,1771,2244,1914,674,840,2180,2274,2409,1177,443,1157,1551,470,1488,1471.904762,652.349209
12,21,1689,624,2259,1998,902,928,591,362,271,1064,455,717,1838,1949,1274,1316,1063,1010,1721,1091,733,1135.952381,578.4487424
12,22,2079,429,138,1063,376,1374,906,888,981,1016,1688,1037,611,1721,874,1189,1149,2292,1502,2103,1403,1181.857143,575.0648038
12,23,2312,641,360,2031,1033,418,271,704,1485,1207,1462,248,618,1507,350,1635,752,1657,2163,995,1916,1131.666667,666.6378577
12,24,2393,1101,1582,661,1272,273,1875,1703,1826,1957,532,1331,1426,485,1761,212,1914,596,1041,2170,2137,1345.142857,670.8384519
12,25,1990,2362,1617,1960,1638,1189,1937,1220,1615,1335,1394,761,861,974,1647,1685,498,1583,2390,2371,2079,1576.47619,534.1469479
12,26,1676,922,2168,1027,1357,1529,1110,1508,2275,997,1060,1777,387,730,855,352,1665,2113,1876,1136,1553,1336.809524,548.5639998
12,27,906,1838,2261,954,440,1431,1237,237,754,1776,587,392,939,2295,1870,2401,2157,2001,1966,2032,2152,1458.380952,717.5634799
12,28,1363,224,2492,1451,1443,580,1531,1600,699,2132,700,1262,1095,1008,1544,1956,848,1377,2130,2081,898,1353.047619,588.6957173
12,29,1368,602,1916,226,2069,1483,517,428,2257,632,414,1580,2098,467,906,2296,1581,1597,2255,2221,625,1311.333333,745.2134146
12,30,179,1210,1289,1050,1253,2352,1917,2212,910,2401,1635,1120,433,649,1503,858,1748,2251,759,734,1769,1344.380952,650.6318833
12,31,505,948,2298,1345,1124,1669,1500,1111,1519,1745,1294,657,1981,566,417,1964,1065,2093,1188,2164,1827,1380,568.5873724
